ID,Priority,User story / deliverable,Acceptance measure,State at submission,Evidence
PB-01,P0,"As a pathway coordinator I can start and route a referral","One executable hospital start; referral documents and suitability decisions route correctly",Implemented,"1-17.bpmn; evidence/runtime/2251799813799469-status.json"
PB-02,P0,"As a clinician I can record assessment and consent","Informed consent gateway uses explicit consent value and refusal avoids treatment",Implemented,"1-17.bpmn; Form_Task_Mapping.csv"
PB-03,P0,"As booking staff I can find and confirm a consultation slot","Availability and patient response paths have explicit outcomes and messages",Implemented,"1-17.bpmn; MANUAL_TEST_GUIDE.md"
PB-04,P0,"As finance staff I can verify funding and payment","Authorisation and paid result control treatment progression",Implemented,"1-17.bpmn; evidence/runtime/2251799813799469-status.json"
PB-05,P0,"As staff I can complete human tasks using editable forms","All 81 collaboration user tasks, including 70 hospital tasks, have deployment-bound form IDs",Verified structurally,"Form_Task_Mapping.csv; evidence/validation/form-mapping-audit.json"
PB-06,P0,"As an operator I can run automated model steps","50 job types cover 51 automated steps with no unmatched type",Verified structurally,"java/WORKER_MAP.md; evidence/tests/BpmnModelCoverageTest.txt"
PB-07,P1,"As a patient I can request a change or report non-attendance","Change constraints and cancellation/no-show routes reach a defined outcome",Runtime sampled,"evidence/runtime/2251799813805423-status.json; evidence/runtime/2251799813811466-status.json"
PB-08,P1,"As finance staff I can decide refund versus transfer","Authorised refund and transfer decisions are recorded and routed",Runtime sampled,"evidence/runtime/2251799813803956-status.json; evidence/runtime/2251799813811822-status.json"
PB-09,P1,"As service staff I can manage enquiries and letters","Classification and correspondence approval routes are explicit",Runtime sampled,"evidence/runtime/2251799813808280-status.json; evidence/runtime/2251799813799469-status.json"
PB-10,P1,"As an administrator I can audit access and downtime recovery","Access decision and restored service are correlated and recorded",Runtime sampled,"evidence/runtime/2251799813808708-status.json; evidence/runtime/2251799813809073-status.json"
PB-11,P0,"As an assessor I can reproduce the project","Repository has source, forms, model, plans, results and a fixed tag",In progress until Git tag is verified,"submission/SUBMISSION_INDEX.md; repository tag"
PB-12,P1,"As an assessor I can inspect the model without zooming across the full canvas","Readable PDF has a stage index and 17 legible stage pages",In progress until PDF visual review,"deliverables/Hospital_Patient_Pathway_BPMN_Review.pdf"
PB-13,P1,"As a reviewer I can trace acceptance criteria to requirements and rules","Each scenario has data, steps, expected result and pass/fail condition",Implemented,"submission/ACCEPTANCE_TEST_PLAN.md"
PB-14,P2,"As a deployer I can substitute real external integrations","External contracts are documented and live adapters are designed and security reviewed",Future work,"submission/DESIGN_DECISIONS.md"
